Acclmation,Dte,,,
Heb 1:1-2,1-Jan-17,Hebrews 1:1-2,,
Heb 1:1-2,2-Jan-17,Hebrews 1:1-2,,
"Jn 1:14, 12",3-Jan-17,"John 1:14, 12",,
Heb 1:1-2,4-Jan-17,Hebrews 1:1-2,,
,5-Jan-17,,,
MK 9:6,6-Jan-17,Mark 9:6,,
Lk 7:16,7-Jan-17,Luke 7:16,,
Mt 2:2,8-Jan-17,Matthew 2:2,,
Mk 9:7,9-Jan-17,Mark 9:7,,
1 Thes 2:13,10-Jan-17,1 Thessalonians 2:13,,
Jn 10:27,11-Jan-17,John 10:27,,
Mt 4:23,12-Jan-17,Matthew 4:23,,
Lk 7:16,13-Jan-17,Luke 7:16,,
Lk 4:18,14-Jan-17,Luke 4:18,,
"Jn 1:14, 12",15-Jan-17,"John 1:14, 12",,
Heb 4:12,16-Jan-17,Hebrews 4:12,,
Eph 1:17-18,17-Jan-17,Ephesians 1:17-18,,
Mt 4:23,18-Jan-17,Matthew 4:23,,
2 Tm 1:10,19-Jan-17,2 Timothy 1:10,,
,20-Jan-17,,,
Acts 16:14,21-Jan-17,Acts 16:14,,
Mt 4:23,22-Jan-17,Matthew 4:23,,
2 Tm 1:10,23-Jan-17,2 Timothy 1:10,,
Mt 11:25,24-Jan-17,Matthew 11:25,,
Jn 15:16,25-Jan-17,John 15:16,,
Ps 119:105,26-Jan-17,Psalms 119:105,,
Mt 11:25,27-Jan-17,Matthew 11:25,,
Jn 3:16,28-Jan-17,John 3:16,,
Mt 5:12,29-Jan-17,Matthew 5:12,,
Lk 7:16,30-Jan-17,Luke 7:16,,
Mt 8:17,31-Jan-17,Matthew 8:17,,
Jn 10:27,1-Feb-17,John 10:27,,
Lk 2:32,2-Feb-17,Luke 2:32,,
Lk 8:15,3-Feb-17,Luke 8:15,,
Jn 10:27,4-Feb-17,John 10:27,,
Jn 8:12,5-Feb-17,John 8:12,,
Mt 4:23,6-Feb-17,Matthew 4:23,,
"Ps 119:36, 29",7-Feb-17,"Psalms 119:36, 29",,
"Jn 17:17, 17",8-Feb-17,"John 17:17, 17",,
Js 1:21,9-Feb-17,James 1:21,,
Acts 16:14,10-Feb-17,Acts 16:14,,
Mt 4:4,11-Feb-17,Matthew 4:4,,
Mt 11:25,12-Feb-17,Matthew 11:25,,
Jn 14:6,13-Feb-17,John 14:6,,
Jn 14:23,14-Feb-17,John 14:23,,
Eph 1:17-18,15-Feb-17,Ephesians 1:17-18,,
"Jn 6:63, 68",16-Feb-17,"John 6:63, 68",,
Jn 15:15,17-Feb-17,John 15:15,,
Mk 9:6,18-Feb-17,Mark 9:6,,
1 Jn 2:5,19-Feb-17,1 John 2:5,,
2 Tm 1:10,20-Feb-17,2 Timothy 1:10,,
Gl 6:14,21-Feb-17,Galatians 6:14,,
Mt 16:18,22-Feb-17,Matthew 16:18,,
1 Thes 2:13,23-Feb-17,1 Thessalonians 2:13,,
"Jn 17:17, 17",24-Feb-17,"John 17:17, 17",,
Mt 11:25,25-Feb-17,Matthew 11:25,,
Heb 4:12,26-Feb-17,Hebrews 4:12,,
2 Cor 8:9,27-Feb-17,2 Corinthians 8:9,,
Mt 11:25,28-Feb-17,Matthew 11:25,,
Ps 95:8,1-Mar-17,Psalms 95:8,,
Mt 4:17,2-Mar-17,Matthew 4:17,,
Am 5:14,3-Mar-17,Amos 5:14,,
Ez 33:11,4-Mar-17,Ezekiel 33:11,,
Mt 4:4,5-Mar-17,Matthew 4:4,,
2 Cor 6:2,6-Mar-17,2 Corinthians 6:2,,
Mt 4:4,7-Mar-17,Matthew 4:4,,
Jl 2:12-13,8-Mar-17,Joel 2:12-13,,
"Ps 51:12, 14",9-Mar-17,"Psalms 51:12, 14",,
Ez 18:31,10-Mar-17,Ezekiel 18:31,,
2 Cor 6:2,11-Mar-17,2 Corinthians 6:2,,
Mt 17:5,12-Mar-17,Matthew 17:5,,
"Jn 6:63, 68",13-Mar-17,"John 6:63, 68",,
Ez 18:31,14-Mar-17,Ezekiel 18:31,,
Jn 8:12,15-Mar-17,John 8:12,,
Lk 8:15,16-Mar-17,Luke 8:15,,
Jn 3:16,17-Mar-17,John 3:16,,
Lk 15:18,18-Mar-17,Luke 15:18,,
"Jn 4:42, 15",19-Mar-17,"John 4:42, 15",,
Ps 84:5,20-Mar-17,Psalms 84:5,,
Jl 2:12-13,21-Mar-17,Joel 2:12-13,,
"Jn 6:63, 68",22-Mar-17,"John 6:63, 68",,
Jl 2:12-13,23-Mar-17,Joel 2:12-13,,
Mt 4:17,24-Mar-17,Matthew 4:17,,
Jn 1:14,25-Mar-17,John 1:14,,
Jn 8:12,26-Mar-17,John 8:12,,
Am 5:14,27-Mar-17,Amos 5:14,,
"Ps 51:12, 14",28-Mar-17,"Psalms 51:12, 14",,
"Jn 11:25, 26",29-Mar-17,"John 11:25, 26",,
Jn 3:16,30-Mar-17,John 3:16,,
Mt 4:4,31-Mar-17,Matthew 4:4,,
Lk 8:15,1-Apr-17,Luke 8:15,,
"Jn 11:25, 26",2-Apr-17,"John 11:25, 26",,
Ez 33:11,3-Apr-17,Ezekiel 33:11,,
,4-Apr-17,,,
Lk 8:15,5-Apr-17,Luke 8:15,,
Ps 95:8,6-Apr-17,Psalms 95:8,,
"Jn 6:63, 68",7-Apr-17,"John 6:63, 68",,
Ez 18:31,8-Apr-17,Ezekiel 18:31,,
Phil 2:8-9,9-Apr-17,Philippians 2:8-9,,
,10-Apr-17,,,
,11-Apr-17,,,
,12-Apr-17,,,
Jn 13:34,13-Apr-17,John 13:34,,
Phil 2:8-9,14-Apr-17,Philippians 2:8-9,,
"Ps 118:1-2, 16-17, 22-23",15-Apr-17,"Psalms 118:1-2, 16-17, 22-23",,
1 Cor 5:7-8,16-Apr-17,1 Corinthians 5:7-8,,
Ps 118:24,17-Apr-17,Psalms 118:24,,
Ps 118:24,18-Apr-17,Psalms 118:24,,
Ps 118:24,19-Apr-17,Psalms 118:24,,
Ps 118:24,20-Apr-17,Psalms 118:24,,
Ps 118:24,21-Apr-17,Psalms 118:24,,
Ps 118:24,22-Apr-17,Psalms 118:24,,
Jn 20:29,23-Apr-17,John 20:29,,
Col 3:1,24-Apr-17,Colossians 3:1,,
1 Cor 1:23-24,25-Apr-17,1 Corinthians 1:23-24,,
Jn 3:16,26-Apr-17,John 3:16,,
Jn 20:29,27-Apr-17,John 20:29,,
Mt 4:4,28-Apr-17,Matthew 4:4,,
,29-Apr-17,,,
Lk 24:32,30-Apr-17,Luke 24:32,,
Mt 4:4,1-May-17,Matthew 4:4,,
Jn 6:35,2-May-17,John 6:35,,
"Jn 14:6, 9",3-May-17,"John 14:6, 9",,
Jn 6:51,4-May-17,John 6:51,,
Jn 6:56,5-May-17,John 6:56,,
"Jn 6:63, 68",6-May-17,"John 6:63, 68",,
Jn 10:14,7-May-17,John 10:14,,
Jn 10:14,8-May-17,John 10:14,,
Jn 10:27,9-May-17,John 10:27,,
Jn 8:12,10-May-17,John 8:12,,
Rv 1:5,11-May-17,Revelation 1:5,,
Jn 14:6,12-May-17,John 14:6,,
Jn 8:31-32,13-May-17,John 8:31-32,,
Jn 14:6,14-May-17,John 14:6,,
Jn 14:26,15-May-17,John 14:26,,
"Lk 24:46, 26",16-May-17,"Luke 24:46, 26",,
"Jn 15:4, 5",17-May-17,"John 15:4, 5",,
Jn 10:27,18-May-17,John 10:27,,
Jn 15:15,19-May-17,John 15:15,,
Col 3:1,20-May-17,Colossians 3:1,,
Jn 14:23,21-May-17,John 14:23,,
"Jn 15:26, 27",22-May-17,"John 15:26, 27",,
"Jn 16:7, 13",23-May-17,"John 16:7, 13",,
Jn 14:16,24-May-17,John 14:16,,
Jn 14:18,25-May-17,John 14:18,,
"Lk 24:46, 26",26-May-17,"Luke 24:46, 26",,
Jn 16:28,27-May-17,John 16:28,,
Col 3:1,29-May-17,Colossians 3:1,,
Jn 14:16,30-May-17,John 14:16,,
Lk 1:45,31-May-17,Luke 1:45,,
Jn 17:21,1-Jun-17,John 17:21,,
Jn 14:26,2-Jun-17,John 14:26,,
"Jn 16:7, 13",3-Jun-17,"John 16:7, 13",,
,4-Jun-17,,,
Rv 1:5,5-Jun-17,Revelation 1:5,,
Eph 1:17-18,6-Jun-17,Ephesians 1:17-18,,
"Jn 11:25, 26",7-Jun-17,"John 11:25, 26",,
2 Tm 1:10,8-Jun-17,2 Timothy 1:10,,
Jn 14:23,9-Jun-17,John 14:23,,
Mt 5:3,10-Jun-17,Matthew 5:3,,
Rv 1:8,11-Jun-17,Revelation 1:8,,
Mt 5:12,12-Jun-17,Matthew 5:12,,
Mt 5:16,13-Jun-17,Matthew 5:16,,
"Ps 25:4, 5",14-Jun-17,"Psalms 25:4, 5",,
Jn 13:34,15-Jun-17,John 13:34,,
"Phil 2:15, 16",16-Jun-17,"Philippians 2:15, 16",,
"Ps 119:36, 29",17-Jun-17,"Psalms 119:36, 29",,
Jn 6:51,18-Jun-17,John 6:51,,
Ps 119:105,19-Jun-17,Psalms 119:105,,
Jn 13:34,20-Jun-17,John 13:34,,
Jn 14:23,21-Jun-17,John 14:23,,
Rom 8:15,22-Jun-17,Romans 8:15,,
Mt 11:29,23-Jun-17,Matthew 11:29,,
Lk 1:76,24-Jun-17,Luke 1:76,,
"Jn 15:26, 27",25-Jun-17,"John 15:26, 27",,
Heb 4:12,26-Jun-17,Hebrews 4:12,,
Jn 8:12,27-Jun-17,John 8:12,,
"Jn 15:4, 5",28-Jun-17,"John 15:4, 5",,
Mt 16:18,29-Jun-17,Matthew 16:18,,
Mt 8:17,30-Jun-17,Matthew 8:17,,
Mt 8:17,1-Jul-17,Matthew 8:17,,
1 Pt 2:19,2-Jul-17,1 Peter 2:19,,
Jn 20:29,3-Jul-17,John 20:29,,
Ps 130:5,4-Jul-17,Psalms 130:5,,
Js 1:18,5-Jul-17,James 1:18,,
2 Cor 5:19,6-Jul-17,2 Corinthians 5:19,,
Mt 11:28,7-Jul-17,Matthew 11:28,,
Jn 10:27,8-Jul-17,John 10:27,,
Mt 11:25,9-Jul-17,Matthew 11:25,,
2 Tm 1:10,10-Jul-17,2 Timothy 1:10,,
Jn 10:14,11-Jul-17,John 10:14,,
Mk 1:15,12-Jul-17,Mark 1:15,,
Mk 1:15,13-Jul-17,Mark 1:15,,
"Jn 16:13, 14:26",14-Jul-17,"John 16:13, 14:26",,
1 Pt 4:14,15-Jul-17,1 Peter 4:14,,
,16-Jul-17,,,
Mt 5:10,17-Jul-17,Matthew 5:10,,
Ps 95:8,18-Jul-17,Psalms 95:8,,
Mt 11:25,19-Jul-17,Matthew 11:25,,
Mt 11:28,20-Jul-17,Matthew 11:28,,
Jn 10:27,21-Jul-17,John 10:27,,
,22-Jul-17,,,
Mt 11:25,23-Jul-17,Matthew 11:25,,
Ps 95:8,24-Jul-17,Psalms 95:8,,
Jn 15:16,25-Jul-17,John 15:16,,
,26-Jul-17,,,
Mt 11:25,27-Jul-17,Matthew 11:25,,
Lk 8:15,28-Jul-17,Luke 8:15,,
Jn 8:12,29-Jul-17,John 8:12,,
Mt 11:25,30-Jul-17,Matthew 11:25,,
Js 1:18,31-Jul-17,James 1:18,,
,1-Aug-17,,,
Jn 15:15,2-Aug-17,John 15:15,,
Acts 16:14,3-Aug-17,Acts 16:14,,
1 Pt 1:25,4-Aug-17,1 Peter 1:25,,
Mt 5:10,5-Aug-17,Matthew 5:10,,
Mt 17:5,6-Aug-17,Matthew 17:5,,
Mt 4:4,7-Aug-17,Matthew 4:4,,
Jn 1:49,8-Aug-17,John 1:49,,
Lk 7:16,9-Aug-17,Luke 7:16,,
Jn 8:12,10-Aug-17,John 8:12,,
Mt 5:10,11-Aug-17,Matthew 5:10,,
2 Tm 1:10,12-Aug-17,2 Timothy 1:10,,
Ps 130:5,13-Aug-17,Psalms 130:5,,
2 Thes 2:14,14-Aug-17,2 Thessalonians 2:14,,
,15-Aug-17,,,
2 Cor 5:19,16-Aug-17,2 Corinthians 5:19,,
Ps 119:135,17-Aug-17,Psalms 119:135,,
1 Thes 2:13,18-Aug-17,1 Thessalonians 2:13,,
Mt 11:25,19-Aug-17,Matthew 11:25,,
Mt 4:23,20-Aug-17,Matthew 4:23,,
Mt 5:3,21-Aug-17,Matthew 5:3,,
2 Cor 8:9,22-Aug-17,2 Corinthians 8:9,,
Heb 4:12,23-Aug-17,Hebrews 4:12,,
Jn 1:49,24-Aug-17,John 1:49,,
"Ps 25:4, 5",25-Aug-17,"Psalms 25:4, 5",,
"Mt 23:9, 10",26-Aug-17,"Matthew 23:9, 10",,
Mt 16:18,27-Aug-17,Matthew 16:18,,
Jn 10:27,28-Aug-17,John 10:27,,
Mt 5:10,29-Aug-17,Matthew 5:10,,
1 Jn 2:5,30-Aug-17,1 John 2:5,,
"Mt 24:42, 44",31-Aug-17,"Matthew 24:42, 44",,
Lk 21:36,1-Sep-17,Luke 21:36,,
Jn 13:34,2-Sep-17,John 13:34,,
Mt 11:29,3-Sep-17,Matthew 11:29,,
Lk 4:18,4-Sep-17,Luke 4:18,,
Lk 7:16,5-Sep-17,Luke 7:16,,
Lk 4:18,6-Sep-17,Luke 4:18,,
Mt 4:19,7-Sep-17,Matthew 4:19,,
,8-Sep-17,,,
Jn 14:6,9-Sep-17,John 14:6,,
2 Cor 5:19,10-Sep-17,2 Corinthians 5:19,,
Jn 10:27,11-Sep-17,John 10:27,,
Jn 15:16,12-Sep-17,John 15:16,,
Lk 6:23,13-Sep-17,Luke 6:23,,
,14-Sep-17,,,
,15-Sep-17,,,
Jn 14:23,16-Sep-17,John 14:23,,
Jn 13:34,17-Sep-17,John 13:34,,
Jn 3:16,18-Sep-17,John 3:16,,
Lk 7:16,19-Sep-17,Luke 7:16,,
"Jn 6:63, 68",20-Sep-17,"John 6:63, 68",,
,21-Sep-17,,,
Mt 11:25,22-Sep-17,Matthew 11:25,,
Lk 8:15,23-Sep-17,Luke 8:15,,
Acts 16:14,24-Sep-17,Acts 16:14,,
Mt 5:16,25-Sep-17,Matthew 5:16,,
Lk 11:28,26-Sep-17,Luke 11:28,,
Mk 1:15,27-Sep-17,Mark 1:15,,
Jn 14:6,28-Sep-17,John 14:6,,
Ps 103:21,29-Sep-17,Psalms 103:21,,
2 Tm 1:10,30-Sep-17,2 Timothy 1:10,,
,1-Oct-17,,,
Ps 103:21,2-Oct-17,Psalms 103:21,,
Mk 10:45,3-Oct-17,Mark 10:45,,
Phil 3:8-9,4-Oct-17,Philippians 3:8-9,,
Mk 1:15,5-Oct-17,Mark 1:15,,
Ps 95:8,6-Oct-17,Psalms 95:8,,
Mt 11:25,7-Oct-17,Matthew 11:25,,
Jn 15:16,8-Oct-17,John 15:16,,
Jn 13:34,9-Oct-17,John 13:34,,
Lk 11:28,10-Oct-17,Luke 11:28,,
Rom 8:15,11-Oct-17,Romans 8:15,,
Acts 16:14,12-Oct-17,Acts 16:14,,
Jn 12:31-32,13-Oct-17,John 12:31-32,,
Lk 11:28,14-Oct-17,Luke 11:28,,
Eph 1:17-18,15-Oct-17,Ephesians 1:17-18,,
Ps 95:8,16-Oct-17,Psalms 95:8,,
Heb 4:12,17-Oct-17,Hebrews 4:12,,
Jn 15:16,18-Oct-17,John 15:16,,
Jn 14:6,19-Oct-17,John 14:6,,
Ps 33:22,20-Oct-17,Psalms 33:22,,
,21-Oct-17,,,
"Phil 2:15, 16",22-Oct-17,"Philippians 2:15, 16",,
Mt 5:3,23-Oct-17,Matthew 5:3,,
Lk 21:36,24-Oct-17,Luke 21:36,,
"Mt 24:42, 44",25-Oct-17,"Matthew 24:42, 44",,
Phil 3:8-9,26-Oct-17,Philippians 3:8-9,,
Mt 11:25,27-Oct-17,Matthew 11:25,,
,28-Oct-17,,,
Jn 14:23,29-Oct-17,John 14:23,,
"Jn 17:17, 17",30-Oct-17,"John 17:17, 17",,
Mt 11:25,31-Oct-17,Matthew 11:25,,
Mt 11:28,1-Nov-17,Matthew 11:28,,
Mt 25:34,2-Nov-17,Matthew 25:34,,
Jn 10:27,3-Nov-17,John 10:27,,
Mt 11:29,4-Nov-17,Matthew 11:29,,
"Mt 23:9, 10",5-Nov-17,"Matthew 23:9, 10",,
Jn 8:31-32,6-Nov-17,John 8:31-32,,
Mt 11:28,7-Nov-17,Matthew 11:28,,
1 Pt 4:14,8-Nov-17,1 Peter 4:14,,
2 Chr 7:16,9-Nov-17,2 Chronicles 7:16,,
1 Jn 2:5,10-Nov-17,1 John 2:5,,
2 Cor 8:9,11-Nov-17,2 Corinthians 8:9,,
"Mt 24:42, 44",12-Nov-17,"Matthew 24:42, 44",,
"Phil 2:15, 16",13-Nov-17,"Philippians 2:15, 16",,
Jn 14:23,14-Nov-17,John 14:23,,
1 Thes 5:18,15-Nov-17,1 Thessalonians 5:18,,
Jn 15:5,16-Nov-17,John 15:5,,
Lk 21:28,17-Nov-17,Luke 21:28,,
2 Thes 2:14,18-Nov-17,2 Thessalonians 2:14,,
"Jn 15:4, 5",19-Nov-17,"John 15:4, 5",,
Jn 8:12,20-Nov-17,John 8:12,,
1 Jn 4:10,21-Nov-17,1 John 4:10,,
Jn 15:16,22-Nov-17,John 15:16,,
Ps 95:8,23-Nov-17,Psalms 95:8,,
Jn 10:27,24-Nov-17,John 10:27,,
2 Tm 1:10,25-Nov-17,2 Timothy 1:10,,
"Mk 11:9, 10",26-Nov-17,"Mark 11:9, 10",,
"Mt 24:42, 44",27-Nov-17,"Matthew 24:42, 44",,
Rev 2:10,28-Nov-17,Revelation 2:10,,
Rev 2:10,29-Nov-17,Revelation 2:10,,
Mt 4:19,30-Nov-17,Matthew 4:19,,
Lk 21:28,1-Dec-17,Luke 21:28,,
Lk 21:36,2-Dec-17,Luke 21:36,,
Ps 85:8,3-Dec-17,Psalms 85:8,,
Ps 80:4,4-Dec-17,Psalms 80:4,,
,5-Dec-17,,,
,6-Dec-17,,,
Is 55:6,7-Dec-17,Isaiah 55:6,,
Lk 1:28,8-Dec-17,Luke 1:28,,
Is 33:22,9-Dec-17,Isaiah 33:22,,
"Lk 3:4, 6",10-Dec-17,"Luke 3:4, 6",,
,11-Dec-17,,,
,12-Dec-17,,,
,13-Dec-17,,,
Is 45:8,14-Dec-17,Isaiah 45:8,,
,15-Dec-17,,,
"Lk 3:4, 6",16-Dec-17,"Luke 3:4, 6",,
Is 61:1,17-Dec-17,Isaiah 61:1,,
,18-Dec-17,,,
,19-Dec-17,,,
,20-Dec-17,,,
,21-Dec-17,,,
,22-Dec-17,,,
,23-Dec-17,,,
Lk 1:38,24-Dec-17,Luke 1:38,,
,25-Dec-17,,,
Lk 2:10-11,25-Dec-17,Luke 2:10-11,,
"Ps 118:26, 27",26-Dec-17,"Psalms 118:26, 27",,
,27-Dec-17,,,
,28-Dec-17,,,
Lk 2:32,29-Dec-17,Luke 2:32,,
,30-Dec-17,,,
"Col 3:15, 16",31-Dec-17,"Colossians 3:15, 16",,
