Acclamation,SecondReading,Psalm,FirstReading,Date,Gospel,Day
Heb 1:1-2,Gal 4:4-7,"Ps 67:2-3, 5, 6, 8",Nm 6:22-27,1-Jan-17,Lk 2:16-21,"Solemnity of the Blessed Virgin Mary, the Mother of God"
Heb 1:1-2,,"Ps 98:1, 2-3ab, 3cd-4",1 Jn 2:22-28,2-Jan-17,Jn 1:19-28,"Memorial of Saints Basil the Great, Gregory Nazianzen, Bishops, Doctors of the Church"
"Jn 1:14a, 12a",,"Ps 98:1, 3cd-4, 5-6",1 Jn 2:29-3:6,3-Jan-17,Jn 1:29-34,Christmas Weekday
Heb 1:1-2,,"Ps 98:1, 7-8, 9",1 Jn 3:7-10,4-Jan-17,Jn 1:35-42,"Memorial of Saint Elizabeth Ann Seton, Religious"
,,"Ps 100:1b-2, 3, 4, 5",1 Jn 3:11-21,5-Jan-17,Jn 1:43-51,"Memorial of Saint John Neumann, Bishop"
MK 9:6,,"Ps 147:12-13, 14-15, 19-20",1 Jn 5:5-13,6-Jan-17,Mk 1:7-11,"St. Andre Bessette, Religious (Optional Memorial)"
Lk 7:16,,"Ps 149:1-2, 3-4, 5, 6a, 9b",1 Jn 5:14-21,7-Jan-17,Jn 2:1-11,Christmas Weekday
Mt 2:2,"Eph 3:2-3a, 5-6","Ps 72:1-2, 7-8, 10-11, 12-13",Is 60:1-6,8-Jan-17,Mt 2:1-12,The Epiphany of the Lord
Mk 9:7,,"Ps 29:1-2, 3-4, 3, 9-10","Is 42:1-4, 6-7",9-Jan-17,Mt 3:13-17,The Baptism of the Lord
1 Thes 2:13,,"Ps 8:2ab, 5, 6-7, 8-9",Heb 2:5-12,10-Jan-17,Mk 1:21-28,Tuesday of the First Week in Ordinary Time
Jn 10:27,,"Ps 105:1-2, 3-4, 6-7, 8-9",Heb 2:14-18,11-Jan-17,Mk 1:29-39,Wednesday of the First Week in Ordinary Time
Mt 4:23,,"Ps 95:6-7c, 8-9, 10-11",Heb 3:7-14,12-Jan-17,Mk 1:40-45,Thursday of the First Week in Ordinary Time
Lk 7:16,,"Ps 78:3, 4bc, 6c-7, 8","Heb 4:1-5, 11",13-Jan-17,Mk 2:1-12,Friday of the First Week in Ordinary Time
Lk 4:18,,"Ps 19:8, 9, 10, 15",Heb 4:12-16,14-Jan-17,Mk 2:13-17,Saturday of the First Week in Ordinary Time
"Jn 1:14a, 12a",1 Cor 1:1-3,"Ps 40:2, 4, 7-8, 8-9, 10","Is 49:3, 5-6",15-Jan-17,Jn 1:29-34,Second Sunday in Ordinary Time
Heb 4:12,,"Ps 110:1, 2, 3, 4",Heb5:1-10,16-Jan-17,Mk 2:18-22,Monday of the Second Week in Ordinary Time
Eph 1:17-18,,"Ps 111:1-2, 4-5, 9, 10c",Heb 6:10-20,17-Jan-17,Mk 2:23-28,"Memorial of Saint Anthony, Abbot"
Mt 4:23,,"Ps 110:1, 2, 3, 4","Heb 7:1-3, 15-17",18-Jan-17,Mk 3:1-6,Wednesday of the Second Week in Ordinary Time
2 Tm 1:10,,"Ps 40:7-8a, 8b-9, 10, 17",Heb 7:25-8:6,19-Jan-17,Mk 3:7-12,Thursday of the Second Week in Ordinary Time
,,"Ps 85:8, 10, 11-12, 13-14",Heb 8:6-13,20-Jan-17,Mk 3:13-19,Friday of the Second Week in Ordinary Time
Acts 16:14b,,"Ps 47:2-3, 6-7, 8-9","Heb 9:2-3, 11-14",21-Jan-17,Mk 3:20-21,"Memorial of Saint Agnes, Virgin, Martyr"
Mt 4:23,"1 Cor 1:10-13, 17","Ps 27:1, 4, 13-14",Is 8:23-9:3,22-Jan-17,MT 4:12-23,Third Sunday in Ordinary Time
2 Tm 1:10,,"Ps 98:1, 2-3ab, 3cd-4, 5-6","Heb 9:15, 24-28",23-Jan-17,Mk 3:22-30,Day of Prayer for the Legal Protection of Unborn Children
Mt 11:25,,"Ps 40:2, 4ab, 7-8a, 10, 11",Heb 10:1-10,24-Jan-17,Mk 3:31-35,"Memorial of Saint Francis de Sales, Bishop, Doctor of the Church"
Jn 15:16,,"Ps 117:1bc, 2",Acts 22:3-16,25-Jan-17,Mk 16:15-18,"Feast of the Conversion of Saint April   , Apostle"
Ps 119:105,,"Ps 96:1-2a, 2b-3, 7-8a, 10",2 Tm 1:1-8,26-Jan-17,Mk 4:21-25,"Memorial of Saints Timothy, Titus, bishops"
Mt 11:25,,"Ps 37:3-4, 5-6, 23-24, 39-40",Heb 10:32-39,27-Jan-17,Mk 4:26-34,Friday of the Third Week in Ordinary Time
Jn 3:16,,"Luke 1:69-70, 71-72, 73-75","Heb 11:1-2, 8-19",28-Jan-17,Mk 4:35-41,"Memorial of Saint Thomas Aquinas, Priest, Doctor of the Church"
Mt 5:12a,1 Cor 1:26-31,"Ps 146:6-7, 8-9, 9-10",Zep 2:3; 3:12-13,29-Jan-17,Mt 5:1-12a,Fourth Sunday in Ordinary Time
Lk 7:16,,"Ps 31:20, 21, 22, 23, 24",Heb 11:32-40,30-Jan-17,Mk 5:1-20,Monday of the Fourth Week in Ordinary Time
Mt 8:17,,"Ps 22:26b-27, 28, 30, 31-32",Heb 12:1-4,31-Jan-17,Mk 5:21-43,"Memorial of Saint John Bosco, Priest"
Jn 10:27,,"Ps 103:1-2, 13-14, 17-18a","Heb 12:4-7, 11-15",1-Feb-17,Mk 6:1-6,Wednesday of the Fourth Week in Ordinary Time
Lk 2:32,Heb 2:14-18,"Ps 24:7, 8, 9, 10",Mal 3:1-4,2-Feb-17,Lk 2:22-40 or 2:22-32,Feast of the Presentation of the Lord
Lk 8:15,,"Ps 27:1, 3, 5, 8b-9abc",Heb13:1-8,3-Feb-17,Mk 6:14-29,Friday of the Fourth Week in Ordinary Time
Jn 10:27,,"Ps 23:1-3a, 3b-4, 5, 6","Heb 13:15-17, 20-21",4-Feb-17,Mk 6:30-34,Saturday of the Fourth Week in Ordinary Time
Jn 8:12,1 Cor 2:1-5,"Ps 112:4-5, 6-7, 8-9",Is 58:7-10,5-Feb-17,Mt 5:13-16,Fifth Sunday in Ordinary Time
Mt 4:23,,"Ps 104:1-2a, 5-6, 10, 12, 24, 35c",Gn1:1-19,6-Feb-17,Mk 6:53-56,"Memorial of Saint April Miki, Companions, Martyrs"
"Ps 119:36, 29b",,"Ps 8:4-5, 6-7, 8-9",Gn 1:20-2:4a,7-Feb-17,Mk 7:1-13,Tuesday of the Fifth Week in Ordinary Time
"Jn 17:17b, 17a",,"Ps 104:1-2a, 27-28, 29bc-30","Gn 2:4b-9, 15-17",8-Feb-17,Mk 7:14-23,Wednesday of the Fifth Week in Ordinary Time
Jas 1:21bc,,"Ps 128:1-2, 3, 4-5",Gn 2:18-25,9-Feb-17,Mk 7:24-30,Thursday of the Fifth Week in Ordinary Time
Acts 16:14b,,"Ps 32:1-2, 5, 6, 7",Gn 3:1-8,10-Feb-17,Mk 7:31-37,"Memorial of Saint Scholastica, Virgin"
Mt 4:4b,,"Ps 90:2, 3-4abc, 5-6, 12-13",Gn 3:9-24,11-Feb-17,Mk 8:1-10,Saturday of the Fifth Week in Ordinary Time
Mt 11:25,1 Cor 2:6-10,"Ps 119:1-2, 4-5, 17-18, 33-34",Sir 15:15-20,12-Feb-17,Mt 5:17-37,Sixth Sunday in Ordinary Time
Jn 14:6,,"Ps 50:1, 8, 16bc-17, 20-21","Gn 4:1-15, 25",13-Feb-17,Mk 8:11-13,Monday of the Sixth Week in Ordinary Time
Jn 14:23,,"Ps 29:1a, 2, 3ac-4, 3b, 9c-10","Gn 6:5-8; 7:1-5, 10",14-Feb-17,Mk 8:14-21,"Memorial of Saints Cyril, Monk, and Methodius, Bishop"
Eph 1:17-18,,"Ps 116:12-13, 14-15, 18-19","Gn 8:6-13, 20-22",15-Feb-17,Mk 8:22-26,Wednesday of the Sixth Week in Ordinary Time
"Jn 6:63c, 68c",,"Ps 102:16-18, 19-21, 29, 22-23",Gn 9:1-13,16-Feb-17,Mk 8:27-33,Thursday of the Sixth Week in Ordinary Time
Jn 15:15b,,"Ps 33:10-11, 12-13, 14-15",Gn 11:1-9,17-Feb-17,Mk 8:34-9:1,Friday of the Sixth Week in Ordinary Time
Mk 9:6,,"Ps 145:2-3, 4-5, 10-11",Heb 11:1-7,18-Feb-17,Mk 9:2-13,Saturday of the Sixth Week in Ordinary Time
1 Jn 2:5,1 Cor 3:16-23,"Ps 103:1-2, 3-4, 8, 10, 12-13","Lv 19:1-2, 17-18",19-Feb-17,Mt 5:38-48,Seventh Sunday in Ordinary Time
2 Tm 1:10,,"Ps 93:1ab, 1cd-2, 5",Sir 1:1-10,20-Feb-17,Mk 9:14-29,Monday of the Seventh Week in Ordinary Time
Gal 6:14,,"Ps 37:3-4, 18-19, 27-28, 39-40",Sir 2:1-11,21-Feb-17,Mk 9:30-37,Tuesday of the Seventh Week in Ordinary Time
Mt 16:18,,"Ps 23:1-3a, 4, 5, 6",1 Pt 5:1-4,22-Feb-17,Mt 16:13-19,"Feast of the Chair of Saint Peter, Apostle"
1 Thes 2:13,,"Ps 1:1-2, 3, 4, 6",Sir 5:1-8,23-Feb-17,Mk 9:41-50,"Memorial of Saint Polycarp, Bishop, Martyr"
"Jn 17:17b, 17a",,"Ps 119:12, 16, 18, 27, 34, 35",Sir 6:5-17,24-Feb-17,Mk 10:1-12,Friday of the Seventh Week in Ordinary Time
Mt 11:25,,"Ps 103:13-14, 15-16, 17-18",Sir 17:1-15,25-Feb-17,Mk 10:13-16,Saturday of the Seventh Week in Ordinary Time
Heb 4:12,1 Cor 4:1-5,"Ps 62:2-3, 6-7, 8-9",Is 49:14-15,26-Feb-17,Mt 6:24-34,Eighth Sunday in Ordinary Time
2 Cor 8:9,,"Ps 32:1-2, 5, 6, 7",Sir 17:20-24,27-Feb-17,Mk 10:17-27,Monday of the Eighth Week in Ordinary Time
Mt 11:25,,"Ps 50:5-6, 7-8, 14, 23",Sir 35:1-12,28-Feb-17,Mk 10:28-31,Tuesday of the Eighth Week in Ordinary Time
Ps 95:8,2 Cor 5:20-6:2,"Ps 51:3-4, 5-6ab, 12-13, 14, 17",Jl 2:12-18,1-Mar-17,"Mt 6:1-6, 16-18",Ash Wednesday
Mt 4:17,,"Ps 1:1-2, 3, 4, 6",Dt 30:15-20,2-Mar-17,Lk 9:22-25,Thursday after Ash Wednesday
Am 5:14,,"Ps 51:3-4, 5-6ab, 18-19",Is 58:1-9a,3-Mar-17,Mt 9:14-15,Friday after Ash Wednesday
Ez 33:11,,"Ps 86:1-2, 3-4, 5-6",Is 58:9b-14,4-Mar-17,Lk 5:27-32,Saturday after Ash Wednesday
Mt 4:4b,Rom 5:12-19,"Ps 51:3-4, 5-6, 12-13, 17",Gn 2:7-9; 3:1-7,5-Mar-17,Mt 4:1-11,First Sunday of Lent
2 Cor 6:2b,,"Ps 19:8, 9, 10, 15","Lv 19:1-2, 11-18",6-Mar-17,Mt 25:31-46,Monday of the First Week of Lent
Mt 4:4b,,"Ps 34:4-5, 6-7, 16-17, 18-19",Is 55:10-11,7-Mar-17,Mt 6:7-15,Tuesday of the First Week of Lent
Jl 2:12-13,,"Ps 51:3-4, 12-13, 18-19",Jon 3:1-10,8-Mar-17,Lk 11:29-32,Wednesday of the First Week in Lent
"Ps 51:12a, 14a",,"Ps 138:1-2ab, 2cde-3, 7c-8","Est C:12, 14-16, 23-25",9-Mar-17,Mt 7:7-12,Thursday of the First Week in Lent
Ez 18:31,,"Ps 130:1-2, 3-4, 5-7a, 7bc-8",Ez 18:21-28,10-Mar-17,Mt 5:20-26,Friday of the First Week of Lent
2 Cor 6:2b,,"Ps 119:1-2, 4-5, 7-8",Dt 26:16-19,11-Mar-17,Mt 5:43-48,Saturday of the First Week of Lent
Mt 17:5,2 Tm 1:8b-10,"Ps 33:4-5, 18-19, 20, 22.",Gn 12:1-4a,12-Mar-17,Mt 17:1-9,Second Sunday of Lent
"Jn 6:63c, 68c",,"Ps 79:8, 9, 11, 13",Dn 9:4b-10,13-Mar-17,Lk 6:36-38,Monday of the Second Week in Lent
Ez 18:31,,"Ps 50:8-9, 16bc-17, 21, 23","Is 1:10, 16-20",14-Mar-17,Mt 23:1-12,Tuesday of the Second Week of Lent
Jn 8:12,,"Ps 31:5-6, 14, 15-16",Jer 18:18-20,15-Mar-17,Mt 20:17-28,Wednesday of the Second Week of Lent
Lk 8:15,,"Ps 1:1-2, 3, 4, 6",Jer 17:5-10,16-Mar-17,Lk 16:19-31,Thursday of the Second Week of Lent
Jn 3:16,,"Ps 105:16-17, 18-19, 20-21","Gn 37:3-4, 12-13a, 17b-28a",17-Mar-17,"Mt 21:33-43, 45-46",Friday of the Second Week of Lent
Lk 15:18,,"Ps 103:1-2, 3-4, 9-10, 11-12","Mi 7:14-15, 18-20",18-Mar-17,"Lk 15:1-3, 11-32",Saturday of the Second Week of Lent
"Jn 4:42, 15","Rom 5:1-2, 5-8","Ps 95:1-2, 6-7, 8-9",Ex 17:3-7,19-Mar-17,Jn 4:5-42,Third Sunday of Lent
Ps 84:5,"Rom 4:13, 16-18, 22","Ps 89:2-3, 4-5, 27, 29","2 Sm 7:4-5a, 12-14a, 16",20-Mar-17,"Mt 1:16, 18-21, 24a","Solemnity of Saint Joseph, spouse of the Blessed Virgin April"
Jl 2:12-13,,"Ps 25:4-5ab, 6, 7bc, 8-9","Dn 3:25, 34-43",21-Mar-17,Mt 18:21-35,Tuesday of the Third Week of Lent
"Jn 6:63c, 68c",,"Ps 147:12-13, 15-16, 19-20","Dt 4:1, 5-9",22-Mar-17,Mt 5:17-19,Wednesday of the Third Week of Lent
Jl 2:12-13,,"Ps 95:1-2, 6-7, 8-9",Jer 7:23-28,23-Mar-17,Lk 11:14-23,Thursday of the Third Week of Lent
Mt 4:17,,"Ps 81:6c-8a, 8bc-9, 10-11ab, 14, 17",Hos 14:2-10,24-Mar-17,Mk 12:28-34,Friday of the Third Week of Lent
Jn 1:14b,Heb 10:4-10,"Ps 40:7-8a, 8b-9, 10, 11",Is 7:10-14 ; 8:10,25-Mar-17,Lk 1:26-38,Solemnity of the Annunciation of the Lord
Jn 8:12,Eph 5:8-14,"Ps 23: 1-3a, 3b-4, 5, 6","1 Sm 16:1b, 6-7, 10-13a",26-Mar-17,Jn 9:1-41,Fourth Sunday of Lent
Am 5:14,,"Ps 30:2, 4, 5-6, 11-12a, 13b",Is 65:17-21,27-Mar-17,Jn 4:43-54,Monday of the Fourth Week of Lent
"Ps 51:12a, 14a",,"Ps 46:2-3, 5-6, 8-9","Ez 47:1-9, 12",28-Mar-17,Jn 5:1-16,Tuesday of the Fourth Week of Lent
"Jn 11:25a, 26",,"Ps 145:8-9, 13cd-14, 17-18",Is 49:8-15,29-Mar-17,Jn 5:17-30,Wednesday of the Fourth Week of Lent
Jn 3:16,,"Ps 106:19-20, 21-22, 23",Ex 32:7-14,30-Mar-17,Jn 5:31-47,Thursday of the Fourth Week of Lent
Mt 4:4b,,"Ps 34:17-18, 19-20, 21, 23","Wis 2:1a, 12-22",31-Mar-17,"Jn 7:1-2, 10, 25-30",Friday of the Fourth Week of Lent
Lk 8:15,,"Ps 7:2-3, 9bc-10, 11-12",Jer 11:18-20,1-Apr-17,Jn 7:40-53,Saturday of the Fourth Week of Lent
"Jn 11:25a, 26",Rom 8:8-11,"Ps 130:1-2, 3-4, 5-6, 7-8",Ez 37:12-14,2-Apr-17,Jn 11:1-45,Fifth Sunday of Lent
Ez 33:11,,"Ps 23:1-3a, 3b-4, 5, 6","Dn 13:1-9, 15-17, 19-30, 33-62",3-Apr-17,Jn 8:1-11,Monday of the Fifth Week of Lent
,,"Ps 102:2-3, 16-18, 19-21",Nm 21:4-9,4-Apr-17,Jn 8:21-30,Tuesday of the Fifth Week of Lent
Lk 8:15,,"Dn 3:52, 53, 54, 55, 56","Dn 3:14-20, 91-92, 95",5-Apr-17,Jn 8:31-42,Wednesday of the Fifth Week of Lent
Ps 95:8,,"Ps 105:4-5, 6-7, 8-9",Gn 17:3-9,6-Apr-17,Jn 8:51-59,Thursday of the Fifth Week of Lent
"Jn 6:63c, 68c",,"Ps 18:2-3a, 3bc-4, 5-6, 7",Jer 20:10-13,7-Apr-17,Jn 10:31-42,Friday of the Fifth Week of Lent
Ez 18:31,,"Jer 31:10, 11-12abcd, 13",Ez 37:21-28,8-Apr-17,Jn 11:45-56,Saturday of the Fifth Week of Lent
Phil 2:8-9,Phil 2:6-11,"Ps 22:8-9, 17-18, 19-20, 23-24",Is 50:4-7,9-Apr-17,Mt 26:14-27:66,Palm Sunday of the Lord's Passion
,,"Ps 27:1, 2, 3, 13-14",Is 42:1-7,10-Apr-17,Jn 12:1-11,Monday of Holy Week
,,"Ps 71:1-2, 3-4a, 5ab-6ab, 15, 17",Is 49:1-6,11-Apr-17,"Jn 13:21-33, 36-38",Tuesday of Holy Week
,,"Ps 69:8-10, 21-22, 31, 33-34",Is 50:4-9a,12-Apr-17,Mt 26:14-25,Wednesday of Holy Week
Jn 13:34,1 Cor 11:23-26,"Ps 116:12-13, 15-16bc, 17-18","Ex 12:1-8, 11-14",13-Apr-17,Jn 13:1-15,Holy Thursday
Phil 2:8-9,Heb 4:14-16 ;  5:7-9,"Ps 31:2, 6, 12-13, 15-16, 17, 25",Is 52:13-53:12,14-Apr-17,Jn 18:1-19:42,Good Friday of the Lord's Passion
"Ps 118:1-2, 16-17, 22-23",Gn 22:1-18,"Ps 104:1-2, 5-6, 10, 12, 13-14, 24, 35",Gn 1:1-2:2,15-Apr-17,Mt 28:1-10,Holy Saturday
1 Cor 5:7b-8a,Col 3:1-4,"Ps 118:1-2, 16-17, 22-23","Acts 10:34a, 37-43",16-Apr-17,Jn 20:1-9,The Resurrection of the Lord
Ps 118:24,,"Ps 16:1-2a, 5, 7-8, 9-10, 11","Acts 2:14, 22-33",17-Apr-17,Mt 28:8-15,Monday in the Octave of Easter
Ps 118:24,,"Ps 33:4-5, 18-19, 20, 22",Acts 2:36-41,18-Apr-17,Jn 20:11-18,Tuesday in the Octave of Easter
Ps 118:24,,"Ps 105:1-2, 3-4, 6-7, 8-9",Acts 3:1-10,19-Apr-17,Lk 24:13-35,Wednesday in the Octave of Easter
Ps 118:24,,"Ps 8:2ab, 5, 6-7, 8-9",Acts 3:11-26,20-Apr-17,Lk 24:35-48,Thursday in the Octave of Easter
Ps 118:24,,"Ps 118:1-2, 4, 22-24, 25-27a",Acts 4:1-12,21-Apr-17,Jn 21:1-14,Friday in the Octave of Easter
Ps 118:24,,"Ps 118:1, 14-15ab, 16-18, 19-21",Acts 4:13-21,22-Apr-17,Mk 16:9-15,Saturday in the Octave of Easter
Jn 20:29,1 Pt 1:3-9,"Ps 118:2-4, 13-15, 22-24",Acts 2:42-47,23-Apr-17,Jn 20:19-31,Second Sunday of Easter (or Sunday of Divine Mercy)
Col 3:1,,"Ps 2:1-3, 4-7a, 7b-9",Acts 4:23-31,24-Apr-17,Jn 3:1-8,Monday of the Second Week of Easter
1 Cor 1:23a-24b,,"Ps 89:2-3, 6-7, 16-17",1 Pt 5:5b-14,25-Apr-17,Mk 16:15-20,"Feast of Saint April   , evangelist"
Jn 3:16,,"Ps 34:2-3, 4-5, 6-7, 8-9",Acts 5:17-26,26-Apr-17,Jn 3:16-21,Wednesday of the Second Week of Easter
Jn 20:29,,"Ps 34:2, 9, 17-18, 19-20",Acts 5:27-33,27-Apr-17,Jn 3:31-36,Thursday of the Second Week of Easter
Mt 4:4b,,"Ps 27:1, 4, 13-14",Acts 5:34-42,28-Apr-17,Jn 6:1-15,Friday of the Second Week of Easter
,,"Ps 33:1-2, 4-5, 18-19",Acts 6:1-7,29-Apr-17,Jn 6:16-21,"Memorial of Saint Catherine of Siena, Virgin, Doctor of the Church"
Lk 24:32,1 Pt 1:17-21,"Ps 16:1-2, 5, 7-8, 9-10, 11","Acts 2:14, 22-33",30-Apr-17,Lk 24:13-35,Third Sunday of Easter
Mt 4:4b,,"Ps 119:23-24, 26-27, 29-30",Acts 6:8-15,1-May-17,Jn 6:22-29,Monday of the Third Week of Easter
Jn 6:35ab,,"Ps 31:3cd-4, 6, 7b, 8a, 17, 21ab",Acts 7:51-8:1a,2-May-17,Jn 6:30-35,"Memorial of Saint Athanasius, Bishop, Doctor of the Church"
"Jn 14:6b, 9c",,"Ps 19:2-3, 4-5",1 Cor 15:1-8,3-May-17,Jn 14:6-14,"Feast of Saints Philip, James, Apostles"
Jn 6:51,,"Ps 66:8-9, 16-17, 20",Acts 8:26-40,4-May-17,Jn 6:44-51,Thursday of the Third Week of Easter
Jn 6:56,,"Ps 117:1bc, 2",Acts 9:1-20,5-May-17,Jn 6:52-59,Friday of the Third Week of Easter
"Jn 6:63c, 68c",,"Ps 116:12-13, 14-15, 16-17",Acts 9:31-42,6-May-17,Jn 6:60-69,Saturday of the Third Week of Easter
Jn 10:14,1 Pt 2:20b-25,"Ps 23: 1-3a, 3b4, 5, 6","Acts 2:14a, 36-41",7-May-17,Jn 10:1-10,Fourth Sunday of Easter
Jn 10:14,,"Ps 42:2-3; 43:3, 4",Acts 11:1-18,8-May-17,Jn 10:11-18,Monday of the Fourth Week of Easter
Jn 10:27,,"Ps 87:1b-3, 4-5, 6-7",Acts 11:19-26,9-May-17,Jn 10:22-30,Tuesday of the Fourth Week of Easter
Jn 8:12,,"Ps 67:2-3, 5, 6, 8",Acts 12:24-13:5a,10-May-17,Jn 12:44-50,Wednesday of the Fourth Week of Easter
Rv 1:5ab,,"Ps 89:2-3, 21-22, 25, 27",Acts 13:13-25,11-May-17,Jn 13:16-20,Thursday of the Fourth Week of Easter
Jn 14:6,,"Ps 2:6-7, 8-9, 10-11ab",Acts 13:26-33,12-May-17,Jn 14:1-6,Friday of the Fourth Week of Easter
Jn 8:31b-32,,"Ps 98:1, 2-3ab, 3cd-4",Acts 13:44-52,13-May-17,Jn 14:7-14,Saturday of the Fourth Week of Easter
Jn 14:6,1 Pt 2:4-9,"Ps 33:1-2, 4-5, 18-19",Acts 6:1-7,14-May-17,Jn 14:1-12,Fifth Sunday of Easter
Jn 14:26,,"Ps 115:1-2, 3-4, 15-16",Acts 14:5-18,15-May-17,Jn 14:21-26,Monday of the Fifth Week of Easter
"Lk 24:46, 26",,"Ps 145:10-11, 12-13ab, 21",Acts 14:19-28,16-May-17,Jn 14:27-31a,Tuesday of Fifth Week of Easter
"Jn 15:4a, 5b",,"Ps 122:1-2, 3-4ab, 4cd-5",Acts 15:1-6,17-May-17,Jn 15:1-8,Wednesday of the Fifth Week of Easter
Jn 10:27,,"Ps 96:1-2a, 2b-3, 10",Acts 15:7-21,18-May-17,Jn 15:9-11,Thursday of the Fifth Week of Easter
Jn 15:15b,,"Ps 57:8-9, 10, 12",Acts 15:22-31,19-May-17,Jn 15:12-17,Friday of the Fifth Week of Easter
Col 3:1,,"Ps 100:1b-2, 3, 5",Acts 16:1-10,20-May-17,Jn 15:18-21,Saturday of the Fifth Week of Easter
Jn 14:23,1 Pt 3:15-18,"Ps 66:1-3, 4-5, 6-7, 16, 20","Acts 8:5-8, 14-17",21-May-17,Jn 14:15-21,Sixth Sunday of Easter
"Jn 15:26b, 27a",,"Ps 149:1b-2, 3-4, 5-6a, 9b",Acts 16:11-15,22-May-17,Jn 15:26-16:4a,Monday of the Sixth Week of Easter
"Jn 16:7, 13",,"Ps 138:1-2ab, 2cde-3, 7c-8",Acts 16:22-34,23-May-17,Jn 16:5-11,Tuesday of the Sixth Week of Easter
Jn 14:16,,"Ps 148:1-2, 11-12, 13, 14","Acts 17:15, 22-18:1",24-May-17,Jn 16:12-15,Wednesday of the Sixth Week of Easter
Jn 14:18,,"Ps 98:1, 2-3ab, 3cd-4",Acts 18:1-8,25-May-17,Jn 16:16-20,Thursday of the Sixth Week of Easter
"Lk 24:46, 26",,"Ps 47:2-3, 4-5, 6-7",Acts 18:9-18,26-May-17,Jn 16:20-23,"Memorial of Saint Philip April   , Priest"
Jn 16:28,,"Ps 47:2-3, 8-9, 10",Acts 18:23-28,27-May-17,Jn 16:23b-28,Saturday of the Sixth Week of Easter
Col 3:1,,"Ps 68:2-3ab, 4-5acd, 6-7ab",Acts 19:1-8,29-May-17,Jn 16:29-33,Monday of the Seventh Week of Easter
Jn 14:16,,"Ps 68:10-11, 20-21",Acts 20:17-27,30-May-17,Jn 17:1-11a,Tuesday of the Seventh Week of Easter
Lk 1:45,,"Isaiah 12:2-3, 4bcd, 5-6",Zep 3:14-18a,31-May-17,Lk 1:39-56,Feast of the Visitation of the Blessed Virgin April
Jn 17:21,,"Ps 16:1-2a, 5, 7-8, 9-10, 11",Acts 22:30; 23:6-11,1-Jun-17,Jn 17:20-26,"Memorial of Saint Justin, Martyr"
Jn 14:26,,"Ps 103:1-2, 11-12, 19-20ab",Acts 25:13b-21,2-Jun-17,Jn 21:15-19,Friday of the Seventh Week of Easter
"Jn 16:7, 13",,"Ps 11:4, 5, 7","Acts 28:16-20, 30-31",3-Jun-17,Jn 21:20-25,"Memorial of Saint Charles Lwanga, Companions, Martyrs"
,"1 Cor 12:3b-7, 12-13","Ps 104:1, 24, 29-30, 31, 34",Acts 2:1-11,4-Jun-17,Jn 20:19-23,Pentecost Sunday (daytime)
Rv 1:5ab,,"Ps 112:1b-2, 3b-4, 5-6",Tb 1:3; 2:1a-8,5-Jun-17,Mk 12:1-12,"Memorial of Saint Boniface, Bishop, Martyr"
Eph 1:17-18,,"Ps 112:1-2, 7-8, 9",Tb 2:9-14,6-Jun-17,Mk 12:13-17,Tuesday of the Ninth Week in Ordinary Time
"Jn 11:25a, 26",,"Ps 25:2-3, 4-5ab, 6, 7bc, 8-9","Tb 3:1-11a, 16-17a",7-Jun-17,Mk 12:18-27,Wednesday of the Ninth Week in Ordinary Time
2 Tm 1:10,,"Ps 128:1-2, 3, 4-5","Tb 6:10-11; 7:1bcde, 9-17; 8:4-9a",8-Jun-17,Mk 12:28-34,Thursday of the Ninth Week in Ordinary Time
Jn 14:23,,"Ps 146:1b-2, 6c-7, 8-9a, 9bc-10",Tb 11:5-17,9-Jun-17,Mk 12:35-37,Friday of the Ninth Week in Ordinary Time
Mt 5:3,,"Tobit 13:2, 6efgh, 7, 8","Tb 12:1, 5-15, 20",10-Jun-17,Mk 12:38-44,Saturday of the Ninth Week in Ordinary Time
Rv 1:8,2 Cor 13:11-13,"Dn 3:52, 53, 54, 55, 56","Ex 34:4b-6, 8-9",11-Jun-17,Jn 3:16-18,The Solemnity of the Most Holy Trinity
Mt 5:12a,,"Ps 34:2-3, 4-5, 6-7, 8-9",2 Cor1:1-7,12-Jun-17,Mt 5:1-12,Monday of the Tenth Week in Ordinary Time
Mt 5:16,,"Ps 119:129, 130, 131, 132, 133, 135",2 Cor 1:18-22,13-Jun-17,Mt 5:13-16,"Memorial of Saint Anthony of Padua, Priest, Doctor of the Church"
"Ps 25:4b, 5a",,"Ps 99:5, 6, 7, 8, 9",2 Cor 3:4-11,14-Jun-17,Mt 5:17-19,Wednesday of the Tenth Week in Ordinary Time
Jn 13:34,,"Ps 85:9ab, 10, 11-12, 13-14","2 Cor 3:15-4:1, 3-6",15-Jun-17,Mt 5:20-26,Thursday of the Tenth Week in Ordinary Time
"Phil 2:15d, 16a",,"Ps 116:10-11, 15-16, 17-18",2 Cor 4:7-15,16-Jun-17,Mt 5:27-32,Friday of the Tenth Week in Ordinary Time
"Ps 119:36a, 29b",,"Ps 103:1-2, 3-4, 9-10, 11-12",2 Cor 5:14-21,17-Jun-17,Mt 5:33-37,Saturday of the Tenth Week in Ordinary Time
Jn 6:51,1 Cor 10:16-17,"Ps 147:12-13, 14-15, 19-20","Dt 8:2-3, 14b-16a",18-Jun-17,Jn 6:51-58,"Solemnity of the Body, Blood of Christ"
Ps 119:105,,"Ps 98:1, 2b, 3ab, 3cd-4",2 Cor 6:1-10,19-Jun-17,Mt 5:38-42,Monday of the Eleventh Week in Ordinary Time
Jn 13:34,,"Ps 146:2, 5-6ab, 6c- 7, 8-9a",2 Cor 8:1-9,20-Jun-17,Mt 5:43-48,Tuesday of the Eleventh Week in Ordinary Time
Jn 14:23,,"Ps 112:1bc-2, 3-4, 9",2 Cor 9:6-11,21-Jun-17,"Mt 6:1-6, 16-18","Memorial of Saint Aloysius Gonzaga, Religious"
Rom 8:15bc,,"Ps 111:1b-2, 3-4, 7-8",2 Cor 11:1-11,22-Jun-17,Mt 6:7-15,Thursday of the Eleventh Week in Ordinary Time
Mt 11:29ab,1 Jn 4:7-16,"Ps 103:1-2, 3-4, 6-7, 8, 10",Dt 7:6-11,23-Jun-17,Mt 11:25-30,Solemnity of Most Sacred Heart of Jesus
Lk 1:76,Acts 13:22-26,"Ps 139:1b-3, 13-14ab, 14c-15",Is 49:1-6,24-Jun-17,"Lk 1:57-66, 80",Solemnity of the Nativity of Saint John the Baptist
"Jn 15:26b, 27a",Rom 5:12-15,"Ps 69:8-10, 14, 17, 33-35",Jer 20:10-13,25-Jun-17,Mt 10:26-33,Twelfth Sunday in Ordinary Time
Heb 4:12,,"Ps 33:12-13, 18-19, 20, 22",Gn 12:1-9,26-Jun-17,Mt 7:1-5,Monday of the Twelfth Week in Ordinary Time
Jn 8:12,,"Ps 15:2-3a, 3bc-4ab, 5","Gn 13:2, 5-18",27-Jun-17,"Mt 7:6, 12-14",Tuesday of the Twelfth Week in Ordinary Time
"Jn 15:4a, 5b",,"Ps 105:1-2, 3-4, 6-7, 8-9","Gn 15:1-12, 17-18",28-Jun-17,Mt 7:15-20,"Memorial of Saint Irenaeus, Bishop, Martyr"
Mt 16:18,,"Ps 34:2-3, 4-5, 6-7, 8-9",Acts 12:1-11,29-Jun-17,Mt 16:13-19,Solemnity of Saints Peter and Paul
Mt 8:17,,"Ps 128:1-2, 3, 4-5","Gn 17:1, 9-10, 15-22",30-Jun-17,Mt 8:1-4,Friday of the Twelfth Week in Ordinary Time
Mt 8:17,,"Luke 1:46-47, 48-49, 50, 53, 54-55",Gn 8:1-15,1-Jul-17,Mt 8:5-17,Saturday of the Twelfth Week in Ordinary Time
1 Pt 2:19,"Rom 6:3-4, 8-11","Ps 89:2-3, 16-17, 18-19","2 Kgs 4:8-11, 14-16a",2-Jul-17,Mt 10:37-42,Thirteenth Sunday in Ordinary Time
Jn 20:29,,"Ps 117:1bc, 2",Eph 2:19-22,3-Jul-17,Jn 20:24-29,"Feast of Saint Thomas, Apostle"
Ps 130:5,,"Ps 26:2-3, 9-10, 11-12",Gn 19:15-29,4-Jul-17,Mt 8:23-27,Tuesday of the Thirteenth Week in Ordinary Time
Jas 1:18,,"Ps 34:7-8, 10-11, 12-13","Gn 21:5, 8-20a",5-Jul-17,Mt 8:28-34,Wednesday of the Thirteenth Week in Ordinary Time
2 Cor 5:19,,"Ps 115:1-2, 3-4, 5-6, 8-9",Gn 22:1b-19,6-Jul-17,Mt 9:1-8,Thursday of the Thirteenth Week in Ordinary Time
Mt 11:28,,"Ps 106:1b-2, 3-4a, 4b-5","Gn 23:1-4, 19; 24:1-8, 62-67",7-Jul-17,Mt 9:9-13,Friday of the Thirteenth Week in Ordinary Time
Jn 10:27,,"Ps 135:1b-2, 3-4, 5-6","Gn 27:1-5, 15-29",8-Jul-17,Mt 9:14-17,Saturday of the Thirteenth Week in Ordinary Time
Mt 11:25,"Rom 8:9, 11-13","Ps 145:1-2, 8-9, 10-11, 13-14",Zec 9:9-10,9-Jul-17,Mt 11:25-30,Fourteenth Sunday in Ordinary Time
2 Tm 1:10,,"Ps 91:1-2, 3-4, 14-15ab",Gn 28:10-22a,10-Jul-17,Mt 9:18-26,Monday of the Fourteenth Week in Ordinary Time
Jn 10:14,,"Ps 17:1b, 2-3, 6-7ab, 8b, 15",Gn 32:23-33,11-Jul-17,Mt 9:32-38,"Memorial of Saint Benedict, Abbot"
Mk 1:15,,"Ps 33:2-3, 10-11, 18-19","Gn 41:55-57; 42:5-7a, 17-24a",12-Jul-17,Mt 10:1-7,Wednesday of the Fourteenth Week in Ordinary Time
Mk 1:15,,"Ps 105:16-17, 18-19, 20-21","Gn 44:18-21, 23b-29; 45:1-5",13-Jul-17,Mt 10:7-15,Thursday of the Fourteenth Week in Ordinary Time
"Jn 16:13a, 14:26d",,"Ps 37:3-4, 18-19, 27-28, 39-40","Gn 46:1-7, 28-30",14-Jul-17,Mt 10:16-23,"Memorial of Saint Kateri Tekakwitha, Virgin"
1 Pt 4:14,,"Ps 105:1-2, 3-4, 6-7",Gn 49:29-32; 50:15-26a,15-Jul-17,Mt 10:24-33,"Memorial of Saint Bonaventure, Bishop, Doctor of the Church"
,Rom 8:18-23,"Ps 65:10, 11, 12-13, 14",Is 55:10-11,16-Jul-17,Mt 13:1-23,Fifteenth Sunday in Ordinary Time
Mt 5:10,,"Ps 124:1b-3, 4-6, 7-8","Ex 1:8-14, 22",17-Jul-17,Mt 10:34-11:1,Monday of the Fifteenth Week in Ordinary Time
Ps 95:8,,"Ps 69:3, 14, 30-31, 33-34",Ex 2:1-15a,18-Jul-17,Mt 11:20-24,Tuesday of the Fifteenth Week in Ordinary Time
Mt 11:25,,"Ps 103:1b-2, 3-4, 6-7","Ex 3:1-6, 9-12",19-Jul-17,Mt 11:25-27,Wednesday of the Fifteenth Week in Ordinary Time
Mt 11:28,,"Ps 105:1, 5, 8-9, 24-25, 26-27",Ex 3:13-20,20-Jul-17,Mt 11:28-30,Thursday of the Fifteenth Week in Ordinary Time
Jn 10:27,,"Ps 116:12-13, 15, 16bc, 17-18",Ex 11:10-12:14,21-Jul-17,Mt 12:1-8,Friday of the Fifteenth Week in Ordinary Time
,,"Ps 63:2, 3-4, 5-6, 8-9",Sgs 3:1-4b,22-Jul-17,"Jn 20:1-2, 11-18",Feast of Saint April Magdalene
Mt 11:25,Rom 8:26-27,"Ps 86:5-6, 9-10, 15-16","Wis 12:13, 16-19",23-Jul-17,Mt 13:24-43,Sixteenth Sunday in Ordinary Time
Ps 95:8,,"Ex 15:1bc-2, 3-4, 5-6",Ex 14:5-18,24-Jul-17,Mt 12:38-42,Monday of the Sixteenth Week in Ordinary Time
Jn 15:16,,"Ps 126:1bc-2ab, 2cd-3, 4-5, 6",2 Cor 4:7-15,25-Jul-17,Mt 20:20-28,"Feast of Saint James, Apostle"
,,"Ps 78:18-19, 23-24, 25-26, 27-28","Ex 16:1-5, 9-15",26-Jul-17,Mt 13:1-9,"Memorial of Saints Joachim, Anne, Parents of the Blessed Virgin April"
Mt 11:25,,"Daniel 3:52, 53, 54, 55, 56","Ex 19:1-2, 9-11, 16-20b",27-Jul-17,Mt 13:10-17,Thursday of the Sixteenth Week in Ordinary Time
Lk 8:15,,"Ps 19:8, 9, 10, 11",Ex 20:1-17,28-Jul-17,Mt 13:18-23,Friday of the Sixteenth Week in Ordinary Time
Jn 8:12,,"Ps 50:1b-2, 5-6, 14-15",Ex 24:3-8,29-Jul-17,Jn 11:19-27,Memorial of Saint Martha
Mt 11:25,Rom 8:28-30,"Ps 119:57, 72, 76-77, 127-128, 129-130","1 Kgs 3:5, 7-12",30-Jul-17,Mt 13:44-52,Seventeenth Sunday in Ordinary Time
Jas 1:18,,"Ps 106:19-20, 21-22, 23","Ex 32:15-24, 30-34",31-Jul-17,Mt 13:31-35,"Memorial of Saint Ignatius of Loyola, Priest"
,,"Ps 103:6-7, 8-9, 10-11, 12-13","Ex 33:7-11; 34:5b-9, 28",1-Aug-17,Mt 13:36-43,"Memorial of Saint Alphonsus Liguori, Bishop, Doctor of the Church"
Jn 15:15b,,"Ps 99:5, 6, 7, 9",Ex 34:29-35,2-Aug-17,Mt 13:44-46,Wednesday of the Seventeenth Week in Ordinary Time
Acts 16:14b,,"Ps 84:3, 4, 5-6a, 8a, 11","Ex 40:16-21, 34-38",3-Aug-17,Mt 13:47-53,Thursday of the Seventeenth Week in Ordinary Time
1 Pt 1:25,,"Ps 81:3-4, 5-6, 10-11ab","Lv 23:1, 4-11, 15-16, 27, 34b-37",4-Aug-17,Mt 13:54-58,"Memorial of Saint John Vianney, Priest"
Mt 5:10,,"Ps 67:2-3, 5, 7-8","Lv 25:1, 8-17",5-Aug-17,Mt 14:1-12,Saturday of the Seventeenth Week in Ordinary Time
Mt 17:5c,2 Pt 1:16-19,"Ps 97:1-2, 5-6, 9","Dn 7:9-10, 13-14",6-Aug-17,Mt 17:1-9,Feast of the Transfiguration of the Lord
Mt 4:4,,"Ps 81:12-13, 14-15, 16-17",Nm 11:4b-15,7-Aug-17,Mt 14:13-21,Monday of the Eighteenth Week in Ordinary Time
Jn 1:49b,,"Ps 51:3-4, 5-6ab, 6cd-7, 12-13",Nm 12:1-13,8-Aug-17,Mt 14:22-36,Tuesday of the Eighteenth Week in Ordinary Time
Lk 7:16,,"Ps 106:6-7ab, 13-14, 21-22, 23","Nm 13:1-2, 25-14:1, 26a-29a, 34-35",9-Aug-17,Mt 15: 21-28,Wednesday of the Eighteenth Week in Ordinary Time
Jn 8:12bc,,"Ps 112:1-2, 5-6, 7-8, 9",2 Cor 9:6-10,10-Aug-17,Jn 12:24-26,"Feast of Saint Lawrence, deacon, martyr"
Mt 5:10,,"Ps 77:12-13, 14-15, 16, 21",Dt 4:32-40,11-Aug-17,Mt 16:24-28,"Memorial of Saint Clare, Virgin"
2 Tm 1:10,,"Ps 18:2-3a, 3bc-4, 47, 51",Dt 6:4-13,12-Aug-17,Mt 17:14-20,Saturday of the Eighteenth Week in Ordinary Time
Ps 130:5,Rom 9:1-5,"Ps 85:9, 10, 11-12, 13-14","1 Kgs 19:9a, 11-13a",13-Aug-17,Mt 14:22-33,Nineteenth Sunday in Ordinary Time
2 Thes 2:14,,"Ps 148:1-2, 11-12, 13, 14","Ez 1:2-5, 24-28c",14-Aug-17,Mt 17:22-27,"Memorial of Saint Maximilian Kolbe, Priest, Martyr"
,1 Cor 15:20-27,"Ps 45:10, 11, 12, 16","Rv 11:19a; 12:1-6a, 10ab",15-Aug-17,Lk 1:39-56,Solemnity of the Assumption of the Blessed Virgin
2 Cor 5:19,,"Ps 66:1-3a, 5, 8, 16-17",Dt 34:1-12,16-Aug-17,Mt 18:15-20,Wednesday of the Nineteenth Week in Ordinary Time
Ps 119:135,,"Ps 114:1-2, 3-4, 5-6","Jos 3:7-10a, 11, 13-17",17-Aug-17,Mt 18:21-19:1,Thursday of the Nineteenth Week in Ordinary Time
1 Thes 2:13,,"Ps 136:1-3, 16-18, 21-22, 24",Jos 24:1-13,18-Aug-17,Mt 19:3-12,Friday of the Nineteenth Week in Ordinary Time
Mt 11:25,,"Ps 16:1-2a, 5, 7-8, 11",Jos 24:14-29,19-Aug-17,Mt 19:13-15,Saturday of the Nineteenth Week in Ordinary Time
Mt 4:23,"Rom 11:13-15, 29-32","Ps 67:2-3, 5, 6, 8","Is 56:1, 6-7",20-Aug-17,Mt 15:21-28,Twentieth Sunday in Ordinary Time
Mt 5:3,,"Ps 106:34-35, 36-37, 39-40, 43ab, 44",Jgs2:11-19,21-Aug-17,Mt 19:16-22,"Memorial of Saint Pius X, Pope"
2 Cor 8:9,,"Ps 85:9, 11-12, 13-14",Jgs 6:11-24a,22-Aug-17,Mt 19:23-30,Memorial of the Queenship of the Blessed Virgin April
Heb 4:12,,"Ps 21:2-3, 4-5, 6-7",Jgs 9:6-15,23-Aug-17,Mt 20:1-16,Wednesday of the Twentieth Week in Ordinary Time
Jn 1:49b,,"Ps 145:10-11, 12-13, 17-18",Rv 21:9b-14,24-Aug-17,Jn 1:45-51,"Feast of Saint Bartholomew, Apostle"
"Ps 25:4b, 5a",,"Ps 146:5-6ab, 6c-7, 8-9a, 9bc-10","Ru 1:1, 3-6, 14b-16, 22",25-Aug-17,Mt 22:34-40,Friday of the Twentieth Week in Ordinary Time
"Mt 23:9b, 10b",,"Ps 128:1b-2, 3, 4, 5","Ru 2:1-3, 8-11; 4:13-17",26-Aug-17,Mt 23:1-12,Saturday of the Twentieth Week in Ordinary Time
Mt 16:18,Rom 11:33-36,"Ps 138:1-2, 2-3, 6, 8",Is 22:19-23,27-Aug-17,Mt 16:13-20,Twenty-first Sunday in Ordinary Time
Jn 10:27,,"Ps 149:1b-2, 3-4, 5-6a, 9b","1 Thes 1:1-5, 8b-10",28-Aug-17,Mt 23:13-22,"Memorial of Saint Augustine, Bishop, Doctor of the Church"
Mt 5:10,,"Ps 139:1-3, 4-6",1 Thes 2:1-8,29-Aug-17,Mk 6:17-29,Memorial of the Passion of Saint John the Baptist
1 Jn 2:5,,"Ps 139:7-8, 9-10, 11-12ab",1 Thes 2:9-13,30-Aug-17,Mt 23:27-32,Wednesday of the Twenty-first Week in Ordinary Time
"Mt 24:42a, 44",,"Ps 90:3-5a, 12-13, 14, 17",1 Thes 3:7-13,31-Aug-17,Mt 24:42-51,Thursday of the Twenty-first Week in Ordinary Time
Lk 21:36,,"Ps 97:1, 2b, 5-6, 10, 11-12",1 Thes 4:1-8,1-Sep-17,Mt 25:1-13,Friday of the Twenty-first Week in Ordinary Time
Jn 13:34,,"Ps 98:1, 7-8, 9",1 Thes 4:9-11,2-Sep-17,Mt 25:14-30,Saturday of the Twenty-first Week in Ordinary Time
Mt 11:29ab,Rom 12:1-2,"Ps 63:2, 3-4, 5-6, 8-9",Jer 20:7-9,3-Sep-17,Mt 16:21-27,Twenty-second Sunday in Ordinary Time
Lk 4:18,,"Ps 96:1, 3, 4-5, 11-12, 13",1 Thes 4:13-18,4-Sep-17,Lk 4:16-30,Monday of the Twenty-second Week in Ordinary Time
Lk 7:16,,"Ps 27:1, 4, 13-14","1 Thes 5:1-6, 9-11",5-Sep-17,Lk 4:31-37,Tuesday of the Twenty-second Week in Ordinary Time
Lk 4:18,,"Ps 52:10, 11",Col1:1-8,6-Sep-17,Lk 4:38-44,Wednesday of the Twenty-second Week in Ordinary Time
Mt 4:19,,"Ps 98:2-3ab, 3cd-4, 5-6",Col 1:9-14,7-Sep-17,Lk 5:1-11,Thursday of the Twenty-second Week in Ordinary Time
,,"Ps 13:6ab, 6c",Mi 5:1-4a,8-Sep-17,"Mt 1:1-16, 18-23",Feast of the Nativity of the Blessed Virgin April
Jn 14:6,,"Ps 54:3-4, 6, 8",Col1:21-23,9-Sep-17,Lk 6:1-5,"Memorial of Saint Peter Claver, Priest"
2 Cor 5:19,Rom 13:8-10,"Ps 95:1-2, 6-7, 8-9",Ez 33:7-9,10-Sep-17,Mt 18:15-20,Twenty-third Sunday in Ordinary Time
Jn 10:27,,"Ps 62:6-7, 9",Col1:24-2:3,11-Sep-17,Lk 6:6-11,Monday of the Twenty-third Week in Ordinary Time
Jn 15:16,,"Ps 145:1b-2, 8-9, 10-11",Col 2:6-15,12-Sep-17,Lk 6:12-19,Tuesday of the Twenty-third Week in Ordinary Time
Lk 6:23ab,,"Ps 145:2-3, 10-11, 12-13ab",Col 3:1-11,13-Sep-17,Lk 6:20-26,"Memorial of Saint John Chrysostom, Bishop, Doctor of the Church"
,Phil 2:6-11,"Ps 78:1bc-2, 34-35, 36-37, 38",Nm 21:4b-9,14-Sep-17,Jn 3:13-17,Feast of the Exaltation of the Holy Cross
,,"Ps 16:1b-2a, 5, 7-8, 11","1 Tm 1:1-2, 12-14",15-Sep-17,Jn 19:25-27,Memorial of Our Lady of Sorrows
Jn 14:23,,"Ps 113:1b-2, 3-4, 5, 6-7",1 Tm 1:15-17,16-Sep-17,Lk 6:43-49,"Memorial of Saints Cornelius, Pope,, April   , Bishop, Martyrs"
Jn 13:34,Rom 14:7-9,"Ps 103:1-2, 3-4, 9-10, 11-12",Sir 27:30-28:7,17-Sep-17,Mt 18:21-35,Twenty-fourth Sunday in Ordinary Time
Jn 3:16,,"Ps 28:2, 7, 8-9",1 Tm 2:1-8,18-Sep-17,Lk 7:1-10,Monday of the Twenty-fourth Week in Ordinary Time
Lk 7:16,,"Ps 101:1b-2ab, 2cd-3ab, 5, 6",1 Tm 3:1-13,19-Sep-17,Lk 7:11-17,Tuesday of the Twenty-fourth Week in Ordinary Time
"Jn 6:63c, 68c",,"Ps 111:1-2, 3-4, 5-6",1 Tm 3:14-16,20-Sep-17,Lk 7:31-35,"Memorial of Saints,rew Kim Tae-gŏn, Priest,, April Chŏng Ha-sang,, Companions, Martyrs"
,,"Ps 19:2-3, 4-5","Eph 4:1-7, 11-13",21-Sep-17,Mt 9:9-13,"Feast of Saint Matthew, Apostle, evangelist"
Mt 11:25,,"Ps 49:6-7, 8-10, 17-18, 19-20",1 Tm 6:2c-12,22-Sep-17,Lk 8:1-3,Friday of the Twenty-fourth Week in Ordinary Time
Lk 8:15,,"Ps 100:1b-2, 3, 4, 5",1 Tm 6:13-16,23-Sep-17,Lk 8:4-15,"Memorial of Saint Pius of Pietrelcina, Priest"
Acts 16:14b,"Phil 1:20c-24, 27a","Ps 145:2-3, 8-9, 17-18",Is 55:6-9,24-Sep-17,Mt 20:1-16a,Twenty-fifth Sunday in Ordinary Time
Mt 5:16,,"Ps 126:1b-2ab, 2cd-3, 4-5, 6",Ez 1:1-6,25-Sep-17,Lk 8:16-18,Monday of the Twenty-fifth Week in Ordinary Time
Lk 11:28,,"Ps 122:1-2, 3-4ab, 4cd-5","Ezr 6:7-8, 12b, 14-20",26-Sep-17,Lk 8:19-21,Tuesday of the Twenty-fifth Week in Ordinary Time
Mk 1:15,,"Tobit 13:2, 3-4a, 4befghn, 7-8",Ez 9:5-9,27-Sep-17,Lk 9:1-6,"Memorial of Saint Vincent de April   , Priest"
Jn 14:6,,"Ps 149:1b-2, 3-4, 5-6a, 9b",Hg 1:1-8,28-Sep-17,Lk 9:7-9,Thursday of the Twenty-fifth Week in Ordinary Time
Ps 103:21,,"Ps 138:1-2ab, 2cde-3, 4-5","Dn 7:9-10, 13-14",29-Sep-17,Jn 1:47-51,"Feast of Saints Michael, April   ,, April   , archangels"
2 Tm 1:10,,"Jer 31:10, 11-12ab, 13","Zec 2:5-9, 14-15a",30-Sep-17,Lk 9:43b-45,"Memorial of Saint Jerome, Priest, Doctor of the Church"
,Phil 2:1-11,"Ps 25:4-5, 8-9, 10, 14",Ez 18:25-28,1-Oct-17,Mt 21:28-32,Twenty-sixth Sunday in Ordinary Time
Ps 103:21,,"Ps 102:16-18, 19-21, 29, 22-23",Zec 8:1-8,2-Oct-17,"Mt 18:1-5, 10",Memorial of the Guardian Angels
Mk 10:45,,"Ps 87:1b-3, 4-5, 6-7",Zec 8:20-23,3-Oct-17,Lk 9:51-56,Tuesday of the Twenty-sixth Week in Ordinary Time
Phil 3:8-9,,"Ps 137:1-2, 3, 4-5, 6",Neh 2:1-8,4-Oct-17,Lk 9:57-62,Memorial of Saint Francis of Assisi
Mk 1:15,,"Ps 19:8, 9, 10, 11","Neh 8:1-4a, 5-6, 7b-12",5-Oct-17,Lk 10:1-12,Thursday of the Twenty-sixth Week in Ordinary Time
Ps 95:8,,"Ps 79:1b-2, 3-5, 8, 9",Bar 1:15-22,6-Oct-17,Lk 10:13-16,Friday of the Twenty-sixth Week in Ordinary Time
Mt 11:25,,"Ps 69:33-35, 36-37","Bar 4:5-12, 27-29",7-Oct-17,Lk 10:17-24,Memorial of Our Lady of the Rosary
Jn 15:16,Phil 4:6-9,"Ps 80:9, 12, 13-14, 15-16, 19-20",Is 5:1-7,8-Oct-17,Mt 21:33-43,Twenty-seventh Sunday in Ordinary Time
Jn 13:34,,"Jonah 2:3, 4, 5, 8","Jon 1:1-2:1-2, 11",9-Oct-17,Lk 10:25-37,Monday of the Twenty-seventh Week in Ordinary Time
Lk 11:28,,"Ps 130:1b-2, 3-4ab, 7-8",Jon 3:1-10,10-Oct-17,Lk 10:38-42,Tuesday of the Twenty-seventh Week in Ordinary Time
Rom 8:15bc,,"Ps 86:3-4, 5-6, 9-10",Jon 4:1-11,11-Oct-17,Lk 11:1-4,Wednesday of the Twenty-seventh Week in Ordinary Time
Acts 16:14b,,"Ps 1:1-2, 3, 4, 6",Mal 3:13-20b,12-Oct-17,Lk 11:5-13,Thursday of the Twenty-seventh Week in Ordinary Time
Jn 12:31b-32,,"Ps 9:2-3, 6, 16, 8-9",Jl 1:13-15; 2:1-2,13-Oct-17,Lk 11:15-26,Friday of the Twenty-seventh Week in Ordinary Time
Lk 11:28,,"Ps 97:1-2, 5-6, 11-12",Jl 4:12-21,14-Oct-17,Lk 11:27-28,Saturday of the Twenty-seventh Week in Ordinary Time
Eph 1:17-18,"Phil 4:12-14, 19-20","Ps 23:1-3a, 3b-4, 5, 6",Is 25:6-10a,15-Oct-17,Mt 22:1-14,Twenty-eighth Sunday in Ordinary Time
Ps 95:8,,"Ps 98:1bcde, 2-3ab, 3cd-4",Rom 1:1-7,16-Oct-17,Lk 11:29-32,Monday of the Twenty-eighth Week in Ordinary Time
Heb 4:12,,"Ps 19:2-3, 4-5",Rom 1:16-25,17-Oct-17,Lk 11:37-41,"Memorial of Saint Ignatius of Antioch, Bishop, Martyr"
Jn 15:16,,"Ps 145:10-11, 12-13, 17-18",2 Tm 4:10-17b,18-Oct-17,Lk 10:1-9,"Feast of Saint Luke, evangelist"
Jn 14:6,,"Ps 130:1b-2, 3-4, 5-6ab",Rom 3:21-30,19-Oct-17,Lk 11:47-54,"Memorial of Saints John de Brebeuf, Isaac Jogues, Priests, Companions, Martyrs"
Ps 33:22,,"Ps 32:1b-2, 5, 11",Rom 4:1-8,20-Oct-17,Lk 12:1-7,Friday of the Twenty-eighth Week in Ordinary Time
,,"Ps 105:6-7, 8-9, 42-43","Rom 4:13, 16-18",21-Oct-17,Lk 12:8-12,Saturday of the Twenty-eighth Week in Ordinary Time
"Phil 2:15d, 16a",1 Thes 1:1-5b,"Ps 96:1, 3, 4-5, 7-8, 9-10","Is 45:1, 4-6",22-Oct-17,Mt 22:15-21,Twenty-ninth Sunday in Ordinary Time
Mt 5:3,,"Luke 1:69-70, 71-72, 73-75",Rom 4:20-25,23-Oct-17,Lk 12:13-21,Monday of the Twenty-ninth Week in Ordinary Time
Lk 21:36,,"Ps 40:7-8a, 8b-9, 10, 17","Rom 5:12, 15b, 17-19, 20b-21",24-Oct-17,Lk 12:35-38,Tuesday of the Twenty-ninth Week in Ordinary Time
"Mt 24:42a, 44",,"Ps 124:1b-3, 4-6, 7-8",Rom 6:12-18,25-Oct-17,Lk 12:39-48,Wednesday of the Twenty-ninth Week in Ordinary Time
Phil 3:8-9,,"Ps 1:1-2, 3, 4, 6",Rom 6:19-23,26-Oct-17,Lk 12:49-53,Thursday of the Twenty-ninth Week in Ordinary Time
Mt 11:25,,"Ps 119:66, 68, 76, 77, 93, 94",Rom 7:18-25a,27-Oct-17,Lk 12:54-59,Friday of the Twenty-ninth Week in Ordinary Time
,,"Ps 19:2-3, 4-5",Eph 2:19-22,28-Oct-17,Lk 6:12-16,"Feast of Saints Simon, Jude, Apostles"
Jn 14:23,1 Thes 1:5c-10,"Ps 18:2-3, 3-4, 47, 51",Ex 22:20-26,29-Oct-17,Mt 22:34-40,Thirtieth Sunday in Ordinary Time
"Jn 17:17b, 17a",,"Ps 68:2, 4, 6-7ab, 20-21",Rom 8:12-17,30-Oct-17,Lk 13:10-17,Monday of the Thirtieth Week in Ordinary Time
Mt 11:25,,"Ps 126:1b-2ab, 2cd-3, 4-5, 6",Rom 8:18-25,31-Oct-17,Lk 13:18-21,Tuesday of the Thirtieth Week in Ordinary Time
Mt 11:28,1 Jn 3:1-3,"Ps 24:1bc-2, 3-4ab, 5-6","Rv 7:2-4, 9-14",1-Nov-17,Mt 5:1-12a,Solemnity of All Saints
Mt 25:34,Rom 5:5-11,"Ps 23:1-3a, 3b-4, 5, 6",Wis 3:1-9,2-Nov-17,Jn 6:37-40,The Commemoration of All the Faithful Departed
Jn 10:27,,"Ps 147:12-13, 14-15, 19-20",Rom 9:1-5,3-Nov-17,Lk 14:1-6,Friday of the Thirtieth Week in Ordinary Time
Mt 11:29ab,,"Ps 94:12-13a, 14-15, 17-18","Rom 11:1-2a, 11-12, 25-29",4-Nov-17,"Lk 14:1, 7-11","Memorial of Saint Charles Borromeo, Bishop"
"Mt 23:9b, 10b","1 Thes 2:7b-9, 13","Ps 131:1, 2, 3","Mal 1:14b-2:2b, 8-10",5-Nov-17,Mt 23:1-12,Thirty-first Sunday in Ordinary Time
Jn 8:31b-32,,"Ps 69:30-31, 33-34, 36",Rom 11:29-36,6-Nov-17,Lk 14:12-14,Monday of the Thirty-first Week in Ordinary Time
Mt 11:28,,"Ps 131:1bcde, 2, 3",Rom 12:5-16ab,7-Nov-17,Lk 14:15-24,Tuesday of the Thirty-first Week in Ordinary Time
1 Pt 4:14,,"Ps 112:1b-2, 4-5, 9",Rom 13:8-10,8-Nov-17,Lk 14:25-33,Wednesday of the Thirty-first Week in Ordinary Time
2 Chr 7:16,"1 Cor 3:9c-11, 16-17","Ps 46:2-3, 5-6, 8-9","Ez 47:1-2, 8-9, 12",9-Nov-17,Jn 2:13-22,Feast of the Dedication of the Lateran Basilica in Rome
1 Jn 2:5,,"Ps 98:1, 2-3ab, 3cd-4",Rom 15:14-21,10-Nov-17,Lk 16:1-8,"Memorial of Saint Leo the Great, Pope, Doctor of the Church"
2 Cor 8:9,,"Ps 145:2-3, 4-5, 10-11","Rom 16:3-9, 16, 22-27",11-Nov-17,Lk 16:9-15,"Memorial of Saint Martin of Tours, Bishop"
"Mt 24:42a, 44",1 Thes 4:13-18,"Ps 63:2, 3-4, 5-6, 7-8",Wis 6:12-16,12-Nov-17,Mt 25:1-13,Thirty-second Sunday in Ordinary Time
"Phil 2:15d, 16a",,"Ps 139:1b-3, 4-6, 7-8, 9-10",Wis 1:1-7,13-Nov-17,Lk 17:1-6,"Memorial of Saint Frances Xavier Cabrini, Virgin"
Jn 14:23,,"Ps 34:2-3, 16-17, 18-19",Wis 2:23-3:9,14-Nov-17,Lk 17:7-10,Tuesday of the Thirty-second Week in Ordinary Time
1 Thes 5:18,,"Ps 82:3-4, 6-7",Wis 6:1-11,15-Nov-17,Lk 17:11-19,Wednesday of the Thirty-second Week in Ordinary Time
Jn 15:5,,"Ps 119:89, 90, 91, 130, 135, 175",Wis 7:22b-8:1,16-Nov-17,Lk 17:20-25,Thursday of the Thirty-second Week in Ordinary Time
Lk 21:28,,"Ps 19:2-3, 4-5ab",Wis 13:1-9,17-Nov-17,Lk 17:26-37,"Memorial of Saint Elizabeth of Hungary, Religious"
2 Thes 2:14,,"Ps 105:2-3, 36-37, 42-43",Wis 18:14-16; 19:6-9,18-Nov-17,Lk 18:1-8,Saturday of the Thirty-second Week in Ordinary Time
"Jn 15:4a, 5b",1 Thes 5:1-6,"Ps 128:1-2, 3, 4-5","Prv 31:10-13, 19-20, 30-31",19-Nov-17,Mt 25:14-30,Thirty-third Sunday in Ordinary Time
Jn 8:12,,"Ps 119:53, 61, 134, 150, 155, 158","1 Mc 1:10-15, 41-43, 54-57, 62-63",20-Nov-17,Lk 18:35-43,Monday of the Thirty-third Week in Ordinary Time
1 Jn 4:10b,,"Ps 3:2-3, 4-5, 6-7",2 Mc 6:18-31,21-Nov-17,Lk 19:1-10,Memorial of the Presentation of the Blessed Virgin April
Jn 15:16,,"Ps 17:1bcd, 5-6, 8b, 15","2 Mc 7:1, 20-31",22-Nov-17,Lk 19:11-28,"Memorial of Saint Cecilia, Virgin, Martyr"
Ps 95:8,,"Ps 50:1b-2, 5-6, 14-15",1 Mc 2:15-29,23-Nov-17,Lk 19:41-44,Thursday of the Thirty-third Week in Ordinary Time
Jn 10:27,,"1 Chr 29:10bcd, 11abc, 11d-12a, 12bcd","1 Mc 4:36-37, 52-59",24-Nov-17,Lk 19:45-48,"Memorial of Saint,rew Dung-Lac, Priest,, Companions, Martyrs"
2 Tm 1:10,,"Ps 9:2-3, 4, 6, 16, 19",1 Mc 6:1-13,25-Nov-17,Lk 20:27-40,Saturday of the Thirty-third Week in Ordinary Time
"Mk 11:9, 10","1 Cor 15:20-26, 28","Ps 23:1-2, 2-3, 5-6","Ez 34:11-12, 15-17",26-Nov-17,Mt 25:31-46,"The Solemnity of Our Lord Jesus Christ, King of the Universe"
"Mt 24:42a, 44",,"Dn 3:52, 53, 54, 55, 56","Dn 1:1-6, 8-20",27-Nov-17,Lk 21:1-4,Monday of the Thirty-fourth Week in Ordinary Time
Rev 2:10c,,"Dn 3:57, 58, 59, 60, 61",Dn 2:31-45,28-Nov-17,Lk 21:5-11,Tuesday of the Thirty-fourth Week in Ordinary Time
Rev 2:10c,,"Dn 3:62, 63, 64, 65, 66, 67","Dn 5:1-6, 13-14, 16-17, 23-28",29-Nov-17,Lk 21:12-19,Wednesday of the Thirty-fourth Week in Ordinary Time
Mt 4:19,,"Ps 19:8, 9, 10, 11",1 Rom 10:9-18,30-Nov-17,Mt 4:18-22,"Feast of Saint,rew, Apostle"
Lk 21:28,,"Dn 3:75, 76, 77, 78, 79, 80, 81",Dn 7:2-14,1-Dec-17,Lk 21:29-33,Friday of the Thirty-fourth Week in Ordinary Time
Lk 21:36,,"Dn 3:82, 83, 84, 85, 86, 87",Dn 7:15-27,2-Dec-17,Lk 21:34-36,Saturday of the Thirty-fourth Week in Ordinary Time
Ps 85:8,1 Cor 1:3-9,"Ps 80:2-3, 15-16, 18-19","Is 63:16b-17, 19b; 64:2-7",3-Dec-17,Mk 13:33-37,First Sunday of Advent
Ps 80:4,,"Ps 122:1-2, 3-4b, 4cd-5, 6-7, 8-9",Is 2:1-5,4-Dec-17,Mt 8:5-11,Monday of the First Week of Advent
,,"Ps 72:1-2, 7-8, 12-13, 17",Is 11:1-10,5-Dec-17,Lk 10:21-24,Tuesday of the First Week of Advent
,,"Ps 23:1-3a, 3b-4, 5, 6",Is 25:6-10a,6-Dec-17,Mt 15:29-37,Wednesday of the First Week of Advent
Is 55:6,,"Ps 118:1, 8-9, 19-21, 25-27a",Is 26:1-6,7-Dec-17,"Mt 7:21, 24-27","Memorial of Saint Ambrose, Bishop, Doctor of the Church"
Lk 1:28,"Eph 1:3-6, 11-12","Ps 98:1, 2-3ab, 3cd-4","Gn 3:9-15, 20",8-Dec-17,Lk 1:26-38,Solemnity of the Immaculate Conception of the Blessed Virgin April
Is 33:22,,"Ps 147:1-2, 3-4, 5-6","Is 30:19-21, 23-26",9-Dec-17,"Mt 9:35-10:1, 5a, 6-8",Saturday of the First Week of Advent
"Lk 3:4, 6",2 Pt 3:8-14,"Ps 85:9-10-11-12, 13-14","Is 40:1-5, 9-11",10-Dec-17,Mk 1:1-8,Second Sunday of Advent
,,"Ps 85:9ab, 10, 11-12, 13-14",Is 35:1-10,11-Dec-17,Lk 5:17-26,Monday of the Second Week of Advent
,,"Judith 13:18bcde, 19",Zec 2:14-17,12-Dec-17,Lk 1:26-38,Feast of Our Lady of Guadalupe
,,"Ps 103:1-2, 3-4, 8, 10",Is 40:25-31,13-Dec-17,Mt 11:28-30,"Memorial of Saint Lucy, Virgin, Martyr"
Is 45:8,,"Ps 145:1, 9, 10-11, 12-13ab",Is 41:13-20,14-Dec-17,Mt 11:11-15,"Memorial of Saint John of the Cross, Priest, Doctor of the Church"
,,"Ps 1:1-2, 3, 4, 6",Is 48:17-19,15-Dec-17,Mt 11:16-19,Friday of the Second Week of Advent
"Lk 3:4, 6",,"Ps 80:2ac, 3b, 15-16, 18-19","Sir 48:1-4, 9-11",16-Dec-17,"Mt 17:9a, 10-13",Saturday of the Second Week of Advent
Is 61:1,1 Thes 5:16-24,"Lk 1:46-48, 49-50, 53-54","Is 61:1-2a, 10-11",17-Dec-17,"Jn 1:6-8, 19-28",Third Sunday of Advent
,,"Ps 72:1-2, 12-13, 18-19",Jer 23:5-8,18-Dec-17,Mt 1:18-25,Monday of the Third Week of Advent
,,"Ps 71:3-4a, 5-6ab, 16-17","Jgs 13:2-7, 24-25a",19-Dec-17,Lk 1:5-25,Tuesday of the Third Week of Advent
,,"Ps 24:1-2, 3-4ab, 5-6",Is 7:10-14,20-Dec-17,Lk 1:26-38,Wednesday of the Third Week of Advent
,,"Ps 33:2-3, 11-12, 20-21",Sg 2:8-14,21-Dec-17,Lk 1:39-45,Thursday of the Third Week of Advent
,,"1 Samuel 2:1, 4-5, 6-7, 8abcd",1 Sm 1:24-28,22-Dec-17,Lk 1:46-56,Friday of the Third Week of Advent
,,"Ps 25:4-5ab, 8-9, 10, 14","Mal 3:1-4, 23-24",23-Dec-17,Lk 1:57-66,Saturday of the Third Week of Advent
Lk 1:38,Rom 16:25-27,"Ps 89:2-3, 4-5, 27, 29","2 Sm 7:1-5, 8b-12, 14a, 16",24-Dec-17,Lk 1:26-38,Fourth Sunday of Advent
,Heb 1:1-6,"Ps 98:1, 2-3, 3-4, 5-6",Is 52:7-10,25-Dec-17,Jn 1:1-18,The Nativity of the Lord (Day Time)
Lk 2:10-11,Ti 2:11-14,"Ps 96: 1-2, 2-3, 11-12, 13",Is 9:1-6,25-Dec-17,Lk 2:1-14,The Nativity of the Lord (Midnight)
"Ps 118:26a, 27a",,"Ps 31:3cd-4, 6, 8ab, 16bc, 17",Acts 6:8-10; 7:54-59,26-Dec-17,Mt 10:17-22,"Feast of Saint Stephen, first martyr"
,,"Ps 97:1-2, 5-6, 11-12",1 Jn 1:1-4,27-Dec-17,"Jn 20:1a, 2-8","Feast of Saint John, Apostle, evangelist"
,,"Ps 124:2-3, 4-5, 7cd-8",1 Jn 1:5-2:2,28-Dec-17,Mt 2:13-18,"Feast of the Holy Innocents, martyrs"
Lk 2:32,,"Ps 96:1-2a, 2b-3, 5b-6",1 Jn 2:3-11,29-Dec-17,Lk 2:22-35,The Fifth Day in the Octave of Christmas
,,"Ps 96:7-8a, 8b-9, 10",1 Jn 2:12-17,30-Dec-17,Lk 2:36-40,The Sixth Day in the Octave of Christmas
"Col 3:15a, 16a",Col 3:12-21,"Ps 128:1-2, 3, 4-5","Sir 3:2-6, 12-14",31-Dec-17,Lk 2:22-40,The Holy Family
